"Carimbo de data/hora","Seu nome:","Sexo:","Idade:","Qual das opções abaixo você prefere?","Qual das opções abaixo você prefere?"
"2021/06/19 12:49:57 AM GMT-3","Gustavo","Masculino","20","Tela 2","Tela 2"
"2021/06/19 1:52:37 AM GMT-3","Enzo Augusto Santos","Masculino","18","Tela 2","Tela 2"
"2021/06/19 2:33:16 AM GMT-3","Milca","Femenino","21","Tela 2","Tela 2"
"2021/06/19 8:59:15 AM GMT-3","Gustavo","Masculino","41","Tela 2","Tela 2"
"2021/06/19 9:12:59 AM GMT-3","Samara","Femenino","24","Tela 2","Tela 2"
"2021/06/19 9:13:00 AM GMT-3","Nataly Affonso","Femenino","18","Tela 2","Tela 2"
"2021/06/19 9:15:22 AM GMT-3","Yuri Italo Sant Ana","Masculino","27","Tela 2","Tela 2"
"2021/06/19 9:17:45 AM GMT-3","Ana Gleisy Moreira ","Femenino","27","Tela 2","Tela 2"
"2021/06/19 9:19:22 AM GMT-3","Andréia","Femenino","22","Tela 2","Tela 2"
"2021/06/19 9:19:28 AM GMT-3","Gabriel","Masculino","19","Tela 2","Tela 2"
"2021/06/19 9:21:57 AM GMT-3","Samuel","Masculino","30","Tela 2","Tela 2"
"2021/06/19 9:23:53 AM GMT-3","Ana Paula","Feminino","29","Tela 2","Tela 2"
"2021/06/19 9:26:12 AM GMT-3","Rodrigo Augusto","Masculino","24","Tela 2","Tela 2"
"2021/06/19 9:33:58 AM GMT-3","Iago Rodrigues ","Masculino","26","Tela 2","Tela 2"
"2021/06/19 9:46:03 AM GMT-3","Michelle","Feminino","44","Tela 2","Tela 2"
"2021/06/19 9:47:09 AM GMT-3","Taciane ","Feminino","20","Tela 2","Tela 2"
"2021/06/19 9:51:22 AM GMT-3","Camila","Feminino","20","Tela 1","Tela 1"
"2021/06/19 9:59:45 AM GMT-3","Anna clara ","Feminino","26","Tela 2","Tela 2"
"2021/06/19 10:01:25 AM GMT-3","Gessica","Feminino","32","Tela 2","Tela 2"
"2021/06/19 10:07:07 AM GMT-3","Marcella","Feminino","32","Tela 1","Tela 2"
"2021/06/19 11:21:11 AM GMT-3","Isaac","Masculino","20","Tela 2","Tela 2"
"2021/06/19 12:06:39 PM GMT-3","João Guilherme Gonçalves Tinoco ","Masculino","20","Tela 2","Tela 2"
"2021/06/19 2:17:33 PM GMT-3","Renan de Souza Pedroso ","Masculino","19","Tela 2","Tela 2"
"2021/06/19 4:16:58 PM GMT-3","Bruna Alves Nunes ","Feminino","19","Tela 2","Tela 2"
"2021/06/19 6:27:45 PM GMT-3","Gabriel","Masculino","21","Tela 2","Tela 2"
"2021/06/21 4:02:17 PM GMT-3","Hamilton","Masculino","48","Tela 2","Tela 2"
"2021/06/21 7:21:12 PM GMT-3","guilherme","Masculino","39","Tela 2","Tela 2"